
{
  "header": {
    "reportVersion": 1,
    "event": "Allocation failed - JavaScript heap out of memory",
    "trigger": "FatalError",
    "filename": "report.20200821.112631.3576.0.001.json",
    "dumpEventTime": "2020-08-21T11:26:31Z",
    "dumpEventTimeStamp": "1597989391268",
    "processId": 3576,
    "cwd": "/var/www/html/instamarkt",
    "commandLine": [
      "node",
      "/home/eiysys/.nvm/versions/node/v12.16.1/bin/ng",
      "serve"
    ],
    "nodejsVersion": "v12.16.1",
    "glibcVersionRuntime": "2.27",
    "glibcVersionCompiler": "2.17",
    "wordSize": 64,
    "arch": "x64",
    "platform": "linux",
    "componentVersions": {
      "node": "12.16.1",
      "v8": "7.8.279.23-node.31",
      "uv": "1.34.0",
      "zlib": "1.2.11",
      "brotli": "1.0.7",
      "ares": "1.15.0",
      "modules": "72",
      "nghttp2": "1.40.0",
      "napi": "5",
      "llhttp": "2.0.4",
      "http_parser": "2.9.3",
      "openssl": "1.1.1d",
      "cldr": "35.1",
      "icu": "64.2",
      "tz": "2019c",
      "unicode": "12.1"
    },
    "release": {
      "name": "node",
      "lts": "Erbium",
      "headersUrl": "https://nodejs.org/download/release/v12.16.1/node-v12.16.1-headers.tar.gz",
      "sourceUrl": "https://nodejs.org/download/release/v12.16.1/node-v12.16.1.tar.gz"
    },
    "osName": "Linux",
    "osRelease": "5.3.0-42-generic",
    "osVersion": "#34~18.04.1-Ubuntu SMP Fri Feb 28 13:42:26 UTC 2020",
    "osMachine": "x86_64",
    "cpus": [
      {
        "model": "Intel(R) Core(TM) i3-6006U CPU @ 2.00GHz",
        "speed": 2000,
        "user": 19483600,
        "nice": 41400,
        "sys": 3605400,
        "idle": 48391500,
        "irq": 0
      },
      {
        "model": "Intel(R) Core(TM) i3-6006U CPU @ 2.00GHz",
        "speed": 2000,
        "user": 19400000,
        "nice": 26900,
        "sys": 3883800,
        "idle": 46755800,
        "irq": 0
      },
      {
        "model": "Intel(R) Core(TM) i3-6006U CPU @ 2.00GHz",
        "speed": 2000,
        "user": 19801700,
        "nice": 72900,
        "sys": 3606900,
        "idle": 48196100,
        "irq": 0
      },
      {
        "model": "Intel(R) Core(TM) i3-6006U CPU @ 2.00GHz",
        "speed": 1999,
        "user": 20675600,
        "nice": 18200,
        "sys": 3667200,
        "idle": 47073500,
        "irq": 0
      }
    ],
    "networkInterfaces": [
      {
        "name": "lo",
        "internal": true,
        "mac": "00:00:00:00:00:00",
        "address": "127.0.0.1",
        "netmask": "255.0.0.0",
        "family": "IPv4"
      },
      {
        "name": "wlp1s0",
        "internal": false,
        "mac": "00:11:22:33:44:45",
        "address": "192.168.43.73",
        "netmask": "255.255.255.0",
        "family": "IPv4"
      },
      {
        "name": "lo",
        "internal": true,
        "mac": "00:00:00:00:00:00",
        "address": "::1",
        "netmask": "ffff:ffff:ffff:ffff:ffff:ffff:ffff:ffff",
        "family": "IPv6",
        "scopeid": 0
      },
      {
        "name": "wlp1s0",
        "internal": false,
        "mac": "00:11:22:33:44:45",
        "address": "2401:4900:4709:b733:e16c:894:5068:5809",
        "netmask": "ffff:ffff:ffff:ffff::",
        "family": "IPv6",
        "scopeid": 0
      },
      {
        "name": "wlp1s0",
        "internal": false,
        "mac": "00:11:22:33:44:45",
        "address": "2401:4900:4709:b733:f53:6aa2:396a:9b6c",
        "netmask": "ffff:ffff:ffff:ffff::",
        "family": "IPv6",
        "scopeid": 0
      },
      {
        "name": "wlp1s0",
        "internal": false,
        "mac": "00:11:22:33:44:45",
        "address": "fe80::dba1:8975:c042:9c1b",
        "netmask": "ffff:ffff:ffff:ffff::",
        "family": "IPv6",
        "scopeid": 3
      }
    ],
    "host": "eiysys"
  },
  "javascriptStack": {
    "message": "No stack.",
    "stack": [
      "Unavailable."
    ]
  },
  "nativeStack": [
    {
      "pc": "0x0000000000b278f5",
      "symbol": "report::TriggerNodeReport(v8::Isolate*, node::Environment*, char const*, char const*, std::string const&, v8::Local<v8::String>) [ng serve]"
    },
    {
      "pc": "0x00000000009f13ec",
      "symbol": "node::OnFatalError(char const*, char const*) [ng serve]"
    },
    {
      "pc": "0x0000000000b5da9e",
      "symbol": "v8::Utils::ReportOOMFailure(v8::internal::Isolate*, char const*, bool) [ng serve]"
    },
    {
      "pc": "0x0000000000b5de19",
      "symbol": "v8::internal::V8::FatalProcessOutOfMemory(v8::internal::Isolate*, char const*, bool) [ng serve]"
    },
    {
      "pc": "0x0000000000d0a765",
      "symbol": " [ng serve]"
    },
    {
      "pc": "0x0000000000d0adf6",
      "symbol": "v8::internal::Heap::RecomputeLimits(v8::internal::GarbageCollector) [ng serve]"
    },
    {
      "pc": "0x0000000000d1760a",
      "symbol": "v8::internal::Heap::PerformGarbageCollection(v8::internal::GarbageCollector, v8::GCCallbackFlags) [ng serve]"
    },
    {
      "pc": "0x0000000000d18515",
      "symbol": "v8::internal::Heap::CollectGarbage(v8::internal::AllocationSpace, v8::internal::GarbageCollectionReason, v8::GCCallbackFlags) [ng serve]"
    },
    {
      "pc": "0x0000000000d1afcc",
      "symbol": "v8::internal::Heap::AllocateRawWithRetryOrFail(int, v8::internal::AllocationType, v8::internal::AllocationOrigin, v8::internal::AllocationAlignment) [ng serve]"
    },
    {
      "pc": "0x0000000000ce19bb",
      "symbol": "v8::internal::Factory::NewFillerObject(int, bool, v8::internal::AllocationType, v8::internal::AllocationOrigin) [ng serve]"
    },
    {
      "pc": "0x00000000010246ce",
      "symbol": "v8::internal::Runtime_AllocateInYoungGeneration(int, unsigned long*, v8::internal::Isolate*) [ng serve]"
    },
    {
      "pc": "0x00000000013a71b9",
      "symbol": " [ng serve]"
    }
  ],
  "javascriptHeap": {
    "totalMemory": 2157502464,
    "totalCommittedMemory": 2152623456,
    "usedMemory": 2116387432,
    "availableMemory": 54703512,
    "memoryLimit": 2197815296,
    "heapSpaces": {
      "read_only_space": {
        "memorySize": 262144,
        "committedMemory": 33088,
        "capacity": 32808,
        "used": 32808,
        "available": 0
      },
      "new_space": {
        "memorySize": 6291456,
        "committedMemory": 2159944,
        "capacity": 3142368,
        "used": 712088,
        "available": 2430280
      },
      "old_space": {
        "memorySize": 1693859840,
        "committedMemory": 1693738736,
        "capacity": 1685578328,
        "used": 1676760296,
        "available": 8818032
      },
      "code_space": {
        "memorySize": 14061568,
        "committedMemory": 13666304,
        "capacity": 12544896,
        "used": 12544896,
        "available": 0
      },
      "map_space": {
        "memorySize": 22024192,
        "committedMemory": 22022120,
        "capacity": 6283840,
        "used": 6283840,
        "available": 0
      },
      "large_object_space": {
        "memorySize": 420380672,
        "committedMemory": 420380672,
        "capacity": 419508960,
        "used": 419508960,
        "available": 0
      },
      "code_large_object_space": {
        "memorySize": 622592,
        "committedMemory": 622592,
        "capacity": 544544,
        "used": 544544,
        "available": 0
      },
      "new_large_object_space": {
        "memorySize": 0,
        "committedMemory": 0,
        "capacity": 3142368,
        "used": 0,
        "available": 3142368
      }
    }
  },
  "resourceUsage": {
    "userCpuSeconds": 1641.65,
    "kernelCpuSeconds": 21.2759,
    "cpuConsumptionPercent": 26.3412,
    "maxRss": 2601271296,
    "pageFaults": {
      "IORequired": 28,
      "IONotRequired": 2537135
    },
    "fsActivity": {
      "reads": 330120,
      "writes": 0
    }
  },
  "uvthreadResourceUsage": {
    "userCpuSeconds": 1173.25,
    "kernelCpuSeconds": 12.4859,
    "cpuConsumptionPercent": 18.7824,
    "fsActivity": {
      "reads": 318560,
      "writes": 0
    }
  },
  "libuv": [
  ],
  "environmentVariables": {
    "CLUTTER_IM_MODULE": "xim",
    "NVM_DIR": "/home/eiysys/.nvm",
    "LS_COLORS": "rs=0:di=01;34:ln=01;36:mh=00:pi=40;33:so=01;35:do=01;35:bd=40;33;01:cd=40;33;01:or=40;31;01:mi=00:su=37;41:sg=30;43:ca=30;41:tw=30;42:ow=34;42:st=37;44:ex=01;32:*.tar=01;31:*.tgz=01;31:*.arc=01;31:*.arj=01;31:*.taz=01;31:*.lha=01;31:*.lz4=01;31:*.lzh=01;31:*.lzma=01;31:*.tlz=01;31:*.txz=01;31:*.tzo=01;31:*.t7z=01;31:*.zip=01;31:*.z=01;31:*.Z=01;31:*.dz=01;31:*.gz=01;31:*.lrz=01;31:*.lz=01;31:*.lzo=01;31:*.xz=01;31:*.zst=01;31:*.tzst=01;31:*.bz2=01;31:*.bz=01;31:*.tbz=01;31:*.tbz2=01;31:*.tz=01;31:*.deb=01;31:*.rpm=01;31:*.jar=01;31:*.war=01;31:*.ear=01;31:*.sar=01;31:*.rar=01;31:*.alz=01;31:*.ace=01;31:*.zoo=01;31:*.cpio=01;31:*.7z=01;31:*.rz=01;31:*.cab=01;31:*.wim=01;31:*.swm=01;31:*.dwm=01;31:*.esd=01;31:*.jpg=01;35:*.jpeg=01;35:*.mjpg=01;35:*.mjpeg=01;35:*.gif=01;35:*.bmp=01;35:*.pbm=01;35:*.pgm=01;35:*.ppm=01;35:*.tga=01;35:*.xbm=01;35:*.xpm=01;35:*.tif=01;35:*.tiff=01;35:*.png=01;35:*.svg=01;35:*.svgz=01;35:*.mng=01;35:*.pcx=01;35:*.mov=01;35:*.mpg=01;35:*.mpeg=01;35:*.m2v=01;35:*.mkv=01;35:*.webm=01;35:*.ogm=01;35:*.mp4=01;35:*.m4v=01;35:*.mp4v=01;35:*.vob=01;35:*.qt=01;35:*.nuv=01;35:*.wmv=01;35:*.asf=01;35:*.rm=01;35:*.rmvb=01;35:*.flc=01;35:*.avi=01;35:*.fli=01;35:*.flv=01;35:*.gl=01;35:*.dl=01;35:*.xcf=01;35:*.xwd=01;35:*.yuv=01;35:*.cgm=01;35:*.emf=01;35:*.ogv=01;35:*.ogx=01;35:*.aac=00;36:*.au=00;36:*.flac=00;36:*.m4a=00;36:*.mid=00;36:*.midi=00;36:*.mka=00;36:*.mp3=00;36:*.mpc=00;36:*.ogg=00;36:*.ra=00;36:*.wav=00;36:*.oga=00;36:*.opus=00;36:*.spx=00;36:*.xspf=00;36:",
    "LESSCLOSE": "/usr/bin/lesspipe %s %s",
    "XDG_MENU_PREFIX": "gnome-",
    "LANG": "en_IN",
    "MANAGERPID": "1462",
    "DISPLAY": ":0",
    "INVOCATION_ID": "4cb3a7a525c34411acab90338972b78d",
    "GNOME_SHELL_SESSION_MODE": "ubuntu",
    "COLORTERM": "truecolor",
    "NVM_CD_FLAGS": "",
    "USERNAME": "eiysys",
    "XDG_VTNR": "2",
    "SSH_AUTH_SOCK": "/run/user/1000/keyring/ssh",
    "XDG_SESSION_ID": "2",
    "USER": "eiysys",
    "DESKTOP_SESSION": "ubuntu",
    "QT4_IM_MODULE": "xim",
    "TEXTDOMAINDIR": "/usr/share/locale/",
    "GNOME_TERMINAL_SCREEN": "/org/gnome/Terminal/screen/ca8c2c90_ccc8_4311_b87f_b080f1ad73d8",
    "PWD": "/var/www/html/instamarkt",
    "HOME": "/home/eiysys",
    "JOURNAL_STREAM": "9:37170",
    "TEXTDOMAIN": "im-config",
    "SSH_AGENT_PID": "1586",
    "QT_ACCESSIBILITY": "1",
    "XDG_SESSION_TYPE": "x11",
    "XDG_DATA_DIRS": "/usr/share/ubuntu:/usr/local/share/:/usr/share/:/var/lib/snapd/desktop",
    "XDG_SESSION_DESKTOP": "ubuntu",
    "DBUS_STARTER_ADDRESS": "unix:path=/run/user/1000/bus,guid=27548d2a969341857de817f45f3f45d5",
    "GTK_MODULES": "gail:atk-bridge",
    "WINDOWPATH": "2",
    "TERM": "xterm-256color",
    "SHELL": "/bin/bash",
    "VTE_VERSION": "5202",
    "QT_IM_MODULE": "ibus",
    "XMODIFIERS": "@im=ibus",
    "IM_CONFIG_PHASE": "2",
    "DBUS_STARTER_BUS_TYPE": "session",
    "NVM_BIN": "/home/eiysys/.nvm/versions/node/v12.16.1/bin",
    "XDG_CURRENT_DESKTOP": "ubuntu:GNOME",
    "GPG_AGENT_INFO": "/run/user/1000/gnupg/S.gpg-agent:0:1",
    "GNOME_TERMINAL_SERVICE": ":1.105",
    "XDG_SEAT": "seat0",
    "SHLVL": "1",
    "LANGUAGE": "en_IN:en",
    "GDMSESSION": "ubuntu",
    "GNOME_DESKTOP_SESSION_ID": "this-is-deprecated",
    "LOGNAME": "eiysys",
    "DBUS_SESSION_BUS_ADDRESS": "unix:path=/run/user/1000/bus,guid=27548d2a969341857de817f45f3f45d5",
    "XDG_RUNTIME_DIR": "/run/user/1000",
    "XAUTHORITY": "/run/user/1000/gdm/Xauthority",
    "XDG_CONFIG_DIRS": "/etc/xdg/xdg-ubuntu:/etc/xdg",
    "PATH": "/home/eiysys/.nvm/versions/node/v12.16.1/bin:/usr/local/sbin:/usr/local/bin:/usr/sbin:/usr/bin:/sbin:/bin:/usr/games:/usr/local/games:/snap/bin:/opt/netbeans/bin/",
    "SESSION_MANAGER": "local/eiysys:@/tmp/.ICE-unix/1491,unix/eiysys:/tmp/.ICE-unix/1491",
    "LESSOPEN": "| /usr/bin/lesspipe %s",
    "GTK_IM_MODULE": "ibus",
    "_": "/home/eiysys/.nvm/versions/node/v12.16.1/bin/ng",
    "BROWSERSLIST_IGNORE_OLD_DATA": "1",
    "WEBPACK_DEV_SERVER": "true"
  },
  "userLimits": {
    "core_file_size_blocks": {
      "soft": 0,
      "hard": "unlimited"
    },
    "data_seg_size_kbytes": {
      "soft": "unlimited",
      "hard": "unlimited"
    },
    "file_size_blocks": {
      "soft": "unlimited",
      "hard": "unlimited"
    },
    "max_locked_memory_bytes": {
      "soft": 16777216,
      "hard": 16777216
    },
    "max_memory_size_kbytes": {
      "soft": "unlimited",
      "hard": "unlimited"
    },
    "open_files": {
      "soft": 4096,
      "hard": 4096
    },
    "stack_size_bytes": {
      "soft": 8388608,
      "hard": "unlimited"
    },
    "cpu_time_seconds": {
      "soft": "unlimited",
      "hard": "unlimited"
    },
    "max_user_processes": {
      "soft": 47216,
      "hard": 47216
    },
    "virtual_memory_kbytes": {
      "soft": "unlimited",
      "hard": "unlimited"
    }
  },
  "sharedObjects": [
    "linux-vdso.so.1",
    "/lib/x86_64-linux-gnu/libdl.so.2",
    "/usr/lib/x86_64-linux-gnu/libstdc++.so.6",
    "/lib/x86_64-linux-gnu/libm.so.6",
    "/lib/x86_64-linux-gnu/libgcc_s.so.1",
    "/lib/x86_64-linux-gnu/libpthread.so.0",
    "/lib/x86_64-linux-gnu/libc.so.6",
    "/lib64/ld-linux-x86-64.so.2",
    "/var/www/html/instamarkt/node_modules/node-sass/vendor/linux-x64-72/binding.node",
    "/lib/x86_64-linux-gnu/libnss_files.so.2",
    "/lib/x86_64-linux-gnu/libnss_mdns4_minimal.so.2",
    "/lib/x86_64-linux-gnu/libnss_dns.so.2",
    "/lib/x86_64-linux-gnu/libresolv.so.2"
  ]
}